n_scaffolds	n_contigs	scaf_bp	contig_bp	gap_pct	scaf_N50	scaf_L50	ctg_N50	ctg_L50	scaf_N90	scaf_L90	ctg_N90	ctg_L90	scaf_logsum	scaf_powsum	ctg_logsum	ctg_powsum	asm_score	scaf_max	ctg_max	scaf_n_gt50K	scaf_l_gt50k	scaf_pct_gt50K	gc_avg	gc_std
876954	890437	1080970478	1080766708	0.019	170749	1379	173064	1362	679462	594	686890	589	8014213	968607	7947205	959958	10.438	275759	275759	277	20490694	1.896	0.47903	0.07800
